{"t":0.0,"gK":[],"gKD":[],"gKU":[],"mP":{"x":1888.0,"y":113.0,"z":0.0},"mWP":{"x":0.0,"y":0.0,"z":0.0},"mSD":{"x":0.0,"y":0.0},"vB":[],"vBD":[],"vBU":[],"vA":[]}
{"t":0.84796142578125,"gK":[337,357],"gKD":[337,357],"gKU":[],"mP":{"x":1888.0,"y":113.0,"z":0.0},"mWP":{"x":0.0,"y":0.0,"z":0.0},"mSD":{"x":0.0,"y":0.0},"vB":[],"vBD":[],"vBU":[],"vA":[]}
{"t":0.997833251953125,"gK":[],"gKD":[],"gKU":[337,357],"mP":{"x":1888.0,"y":113.0,"z":0.0},"mWP":{"x":0.0,"y":0.0,"z":0.0},"mSD":{"x":0.0,"y":0.0},"vB":[],"vBD":[],"vBU":[],"vA":[]}
{"t":1.464569091796875,"gK":[331,351],"gKD":[331,351],"gKU":[],"mP":{"x":1888.0,"y":113.0,"z":0.0},"mWP":{"x":0.0,"y":0.0,"z":0.0},"mSD":{"x":0.0,"y":0.0},"vB":[],"vBD":[],"vBU":[],"vA":[]}
{"t":1.9146728515625,"gK":[],"gKD":[],"gKU":[331,351],"mP":{"x":1888.0,"y":113.0,"z":0.0},"mWP":{"x":0.0,"y":0.0,"z":0.0},"mSD":{"x":0.0,"y":0.0},"vB":[],"vBD":[],"vBU":[],"vA":[]}
{"t":2.26446533203125,"gK":[337,357],"gKD":[337,357],"gKU":[],"mP":{"x":1888.0,"y":113.0,"z":0.0},"mWP":{"x":0.0,"y":0.0,"z":0.0},"mSD":{"x":0.0,"y":0.0},"vB":[],"vBD":[],"vBU":[],"vA":[]}
{"t":2.41473388671875,"gK":[],"gKD":[],"gKU":[337,357],"mP":{"x":1888.0,"y":113.0,"z":0.0},"mWP":{"x":0.0,"y":0.0,"z":0.0},"mSD":{"x":0.0,"y":0.0},"vB":[],"vBD":[],"vBU":[],"vA":[]}
{"t":2.881256103515625,"gK":[337,357],"gKD":[337,357],"gKU":[],"mP":{"x":1888.0,"y":113.0,"z":0.0},"mWP":{"x":0.0,"y":0.0,"z":0.0},"mSD":{"x":0.0,"y":0.0},"vB":[],"vBD":[],"vBU":[],"vA":[]}
{"t":3.03131103515625,"gK":[],"gKD":[],"gKU":[337,357],"mP":{"x":1888.0,"y":113.0,"z":0.0},"mWP":{"x":0.0,"y":0.0,"z":0.0},"mSD":{"x":0.0,"y":0.0},"vB":[],"vBD":[],"vBU":[],"vA":[]}
{"t":3.38043212890625,"gK":[337,357],"gKD":[337,357],"gKU":[],"mP":{"x":1888.0,"y":113.0,"z":0.0},"mWP":{"x":0.0,"y":0.0,"z":0.0},"mSD":{"x":0.0,"y":0.0},"vB":[],"vBD":[],"vBU":[],"vA":[]}
{"t":3.531280517578125,"gK":[],"gKD":[],"gKU":[337,357],"mP":{"x":1888.0,"y":113.0,"z":0.0},"mWP":{"x":0.0,"y":0.0,"z":0.0},"mSD":{"x":0.0,"y":0.0},"vB":[],"vBD":[],"vBU":[],"vA":[]}
{"t":4.2978515625,"gK":[331,351],"gKD":[331,351],"gKU":[],"mP":{"x":1888.0,"y":113.0,"z":0.0},"mWP":{"x":0.0,"y":0.0,"z":0.0},"mSD":{"x":0.0,"y":0.0},"vB":[],"vBD":[],"vBU":[],"vA":[]}
{"t":4.448089599609375,"gK":[],"gKD":[],"gKU":[331,351],"mP":{"x":1888.0,"y":113.0,"z":0.0},"mWP":{"x":0.0,"y":0.0,"z":0.0},"mSD":{"x":0.0,"y":0.0},"vB":[],"vBD":[],"vBU":[],"vA":[]}
{"t":4.848480224609375,"gK":[330,350],"gKD":[330,350],"gKU":[],"mP":{"x":1888.0,"y":113.0,"z":0.0},"mWP":{"x":0.0,"y":0.0,"z":0.0},"mSD":{"x":0.0,"y":0.0},"vB":[],"vBD":[],"vBU":[],"vA":[]}
{"t":4.964569091796875,"gK":[],"gKD":[],"gKU":[330,350],"mP":{"x":1888.0,"y":113.0,"z":0.0},"mWP":{"x":0.0,"y":0.0,"z":0.0},"mSD":{"x":0.0,"y":0.0},"vB":[],"vBD":[],"vBU":[],"vA":[]}
{"t":8.215667724609375,"gK":[332,352],"gKD":[332,352],"gKU":[],"mP":{"x":1888.0,"y":113.0,"z":0.0},"mWP":{"x":0.0,"y":0.0,"z":0.0},"mSD":{"x":0.0,"y":0.0},"vB":[],"vBD":[],"vBU":[],"vA":[]}
{"t":8.314208984375,"gK":[],"gKD":[],"gKU":[332,352],"mP":{"x":1888.0,"y":113.0,"z":0.0},"mWP":{"x":0.0,"y":0.0,"z":0.0},"mSD":{"x":0.0,"y":0.0},"vB":[],"vBD":[],"vBU":[],"vA":[]}
{"t":8.4141845703125,"gK":[332,352],"gKD":[332,352],"gKU":[],"mP":{"x":1888.0,"y":113.0,"z":0.0},"mWP":{"x":0.0,"y":0.0,"z":0.0},"mSD":{"x":0.0,"y":0.0},"vB":[],"vBD":[],"vBU":[],"vA":[]}
{"t":8.481658935546875,"gK":[],"gKD":[],"gKU":[332,352],"mP":{"x":1888.0,"y":113.0,"z":0.0},"mWP":{"x":0.0,"y":0.0,"z":0.0},"mSD":{"x":0.0,"y":0.0},"vB":[],"vBD":[],"vBU":[],"vA":[]}
{"t":8.564208984375,"gK":[332,352],"gKD":[332,352],"gKU":[],"mP":{"x":1888.0,"y":113.0,"z":0.0},"mWP":{"x":0.0,"y":0.0,"z":0.0},"mSD":{"x":0.0,"y":0.0},"vB":[],"vBD":[],"vBU":[],"vA":[]}
{"t":8.64794921875,"gK":[],"gKD":[],"gKU":[332,352],"mP":{"x":1888.0,"y":113.0,"z":0.0},"mWP":{"x":0.0,"y":0.0,"z":0.0},"mSD":{"x":0.0,"y":0.0},"vB":[],"vBD":[],"vBU":[],"vA":[]}
{"t":8.7310791015625,"gK":[332,352],"gKD":[332,352],"gKU":[],"mP":{"x":1888.0,"y":113.0,"z":0.0},"mWP":{"x":0.0,"y":0.0,"z":0.0},"mSD":{"x":0.0,"y":0.0},"vB":[],"vBD":[],"vBU":[],"vA":[]}
{"t":8.813568115234375,"gK":[],"gKD":[],"gKU":[332,352],"mP":{"x":1888.0,"y":113.0,"z":0.0},"mWP":{"x":0.0,"y":0.0,"z":0.0},"mSD":{"x":0.0,"y":0.0},"vB":[],"vBD":[],"vBU":[],"vA":[]}
{"t":8.897369384765625,"gK":[332,352],"gKD":[332,352],"gKU":[],"mP":{"x":1888.0,"y":113.0,"z":0.0},"mWP":{"x":0.0,"y":0.0,"z":0.0},"mSD":{"x":0.0,"y":0.0},"vB":[],"vBD":[],"vBU":[],"vA":[]}
{"t":8.980682373046875,"gK":[],"gKD":[],"gKU":[332,352],"mP":{"x":1888.0,"y":113.0,"z":0.0},"mWP":{"x":0.0,"y":0.0,"z":0.0},"mSD":{"x":0.0,"y":0.0},"vB":[],"vBD":[],"vBU":[],"vA":[]}
{"t":9.19805908203125,"gK":[331,351],"gKD":[331,351],"gKU":[],"mP":{"x":1888.0,"y":113.0,"z":0.0},"mWP":{"x":0.0,"y":0.0,"z":0.0},"mSD":{"x":0.0,"y":0.0},"vB":[],"vBD":[],"vBU":[],"vA":[]}
{"t":9.29730224609375,"gK":[],"gKD":[],"gKU":[331,351],"mP":{"x":1888.0,"y":113.0,"z":0.0},"mWP":{"x":0.0,"y":0.0,"z":0.0},"mSD":{"x":0.0,"y":0.0},"vB":[],"vBD":[],"vBU":[],"vA":[]}
{"t":9.7142333984375,"gK":[337,357],"gKD":[337,357],"gKU":[],"mP":{"x":1888.0,"y":113.0,"z":0.0},"mWP":{"x":0.0,"y":0.0,"z":0.0},"mSD":{"x":0.0,"y":0.0},"vB":[],"vBD":[],"vBU":[],"vA":[]}
{"t":9.8475341796875,"gK":[],"gKD":[],"gKU":[337,357],"mP":{"x":1888.0,"y":113.0,"z":0.0},"mWP":{"x":0.0,"y":0.0,"z":0.0},"mSD":{"x":0.0,"y":0.0},"vB":[],"vBD":[],"vBU":[],"vA":[]}
{"t":9.964141845703125,"gK":[330,350],"gKD":[330,350],"gKU":[],"mP":{"x":1888.0,"y":113.0,"z":0.0},"mWP":{"x":0.0,"y":0.0,"z":0.0},"mSD":{"x":0.0,"y":0.0},"vB":[],"vBD":[],"vBU":[],"vA":[]}
{"t":10.097564697265625,"gK":[],"gKD":[],"gKU":[330,350],"mP":{"x":1888.0,"y":113.0,"z":0.0},"mWP":{"x":0.0,"y":0.0,"z":0.0},"mSD":{"x":0.0,"y":0.0},"vB":[],"vBD":[],"vBU":[],"vA":[]}
{"t":10.214385986328125,"gK":[330,350],"gKD":[330,350],"gKU":[],"mP":{"x":1888.0,"y":113.0,"z":0.0},"mWP":{"x":0.0,"y":0.0,"z":0.0},"mSD":{"x":0.0,"y":0.0},"vB":[],"vBD":[],"vBU":[],"vA":[]}
{"t":10.31524658203125,"gK":[],"gKD":[],"gKU":[330,350],"mP":{"x":1888.0,"y":113.0,"z":0.0},"mWP":{"x":0.0,"y":0.0,"z":0.0},"mSD":{"x":0.0,"y":0.0},"vB":[],"vBD":[],"vBU":[],"vA":[]}
{"t":10.38067626953125,"gK":[330,350],"gKD":[330,350],"gKU":[],"mP":{"x":1888.0,"y":113.0,"z":0.0},"mWP":{"x":0.0,"y":0.0,"z":0.0},"mSD":{"x":0.0,"y":0.0},"vB":[],"vBD":[],"vBU":[],"vA":[]}
{"t":10.497283935546875,"gK":[],"gKD":[],"gKU":[330,350],"mP":{"x":1888.0,"y":113.0,"z":0.0},"mWP":{"x":0.0,"y":0.0,"z":0.0},"mSD":{"x":0.0,"y":0.0},"vB":[],"vBD":[],"vBU":[],"vA":[]}
{"t":11.04736328125,"gK":[330,350],"gKD":[330,350],"gKU":[],"mP":{"x":1888.0,"y":113.0,"z":0.0},"mWP":{"x":0.0,"y":0.0,"z":0.0},"mSD":{"x":0.0,"y":0.0},"vB":[],"vBD":[],"vBU":[],"vA":[]}
{"t":11.19732666015625,"gK":[],"gKD":[],"gKU":[330,350],"mP":{"x":1888.0,"y":113.0,"z":0.0},"mWP":{"x":0.0,"y":0.0,"z":0.0},"mSD":{"x":0.0,"y":0.0},"vB":[],"vBD":[],"vBU":[],"vA":[]}
{"t":12.313995361328125,"gK":[331,351],"gKD":[331,351],"gKU":[],"mP":{"x":1888.0,"y":113.0,"z":0.0},"mWP":{"x":0.0,"y":0.0,"z":0.0},"mSD":{"x":0.0,"y":0.0},"vB":[],"vBD":[],"vBU":[],"vA":[]}
{"t":12.413818359375,"gK":[],"gKD":[],"gKU":[331,351],"mP":{"x":1888.0,"y":113.0,"z":0.0},"mWP":{"x":0.0,"y":0.0,"z":0.0},"mSD":{"x":0.0,"y":0.0},"vB":[],"vBD":[],"vBU":[],"vA":[]}
{"t":13.047271728515625,"gK":[331,351],"gKD":[331,351],"gKU":[],"mP":{"x":1888.0,"y":113.0,"z":0.0},"mWP":{"x":0.0,"y":0.0,"z":0.0},"mSD":{"x":0.0,"y":0.0},"vB":[],"vBD":[],"vBU":[],"vA":[]}
{"t":13.36468505859375,"gK":[],"gKD":[],"gKU":[331,351],"mP":{"x":1888.0,"y":113.0,"z":0.0},"mWP":{"x":0.0,"y":0.0,"z":0.0},"mSD":{"x":0.0,"y":0.0},"vB":[],"vBD":[],"vBU":[],"vA":[]}
{"t":13.4639892578125,"gK":[331,351],"gKD":[331,351],"gKU":[],"mP":{"x":1888.0,"y":113.0,"z":0.0},"mWP":{"x":0.0,"y":0.0,"z":0.0},"mSD":{"x":0.0,"y":0.0},"vB":[],"vBD":[],"vBU":[],"vA":[]}
{"t":13.93157958984375,"gK":[],"gKD":[],"gKU":[331,351],"mP":{"x":1888.0,"y":113.0,"z":0.0},"mWP":{"x":0.0,"y":0.0,"z":0.0},"mSD":{"x":0.0,"y":0.0},"vB":[],"vBD":[],"vBU":[],"vA":[]}
{"t":14.080780029296875,"gK":[331,351],"gKD":[331,351],"gKU":[],"mP":{"x":1888.0,"y":113.0,"z":0.0},"mWP":{"x":0.0,"y":0.0,"z":0.0},"mSD":{"x":0.0,"y":0.0},"vB":[],"vBD":[],"vBU":[],"vA":[]}
{"t":14.397125244140625,"gK":[],"gKD":[],"gKU":[331,351],"mP":{"x":1888.0,"y":113.0,"z":0.0},"mWP":{"x":0.0,"y":0.0,"z":0.0},"mSD":{"x":0.0,"y":0.0},"vB":[],"vBD":[],"vBU":[],"vA":[]}
{"t":15.464080810546875,"gK":[331,351],"gKD":[331,351],"gKU":[],"mP":{"x":1888.0,"y":113.0,"z":0.0},"mWP":{"x":0.0,"y":0.0,"z":0.0},"mSD":{"x":0.0,"y":0.0},"vB":[],"vBD":[],"vBU":[],"vA":[]}
{"t":15.963897705078125,"gK":[331,337,351,357],"gKD":[337,357],"gKU":[],"mP":{"x":1888.0,"y":113.0,"z":0.0},"mWP":{"x":0.0,"y":0.0,"z":0.0},"mSD":{"x":0.0,"y":0.0},"vB":[],"vBD":[],"vBU":[],"vA":[]}
{"t":16.01318359375,"gK":[337,357],"gKD":[],"gKU":[331,351],"mP":{"x":1888.0,"y":113.0,"z":0.0},"mWP":{"x":0.0,"y":0.0,"z":0.0},"mSD":{"x":0.0,"y":0.0},"vB":[],"vBD":[],"vBU":[],"vA":[]}
{"t":16.113739013671876,"gK":[],"gKD":[],"gKU":[337,357],"mP":{"x":1888.0,"y":113.0,"z":0.0},"mWP":{"x":0.0,"y":0.0,"z":0.0},"mSD":{"x":0.0,"y":0.0},"vB":[],"vBD":[],"vBU":[],"vA":[]}
{"t":16.297119140625,"gK":[331,351],"gKD":[331,351],"gKU":[],"mP":{"x":1888.0,"y":113.0,"z":0.0},"mWP":{"x":0.0,"y":0.0,"z":0.0},"mSD":{"x":0.0,"y":0.0},"vB":[],"vBD":[],"vBU":[],"vA":[]}
{"t":16.71380615234375,"gK":[],"gKD":[],"gKU":[331,351],"mP":{"x":1888.0,"y":113.0,"z":0.0},"mWP":{"x":0.0,"y":0.0,"z":0.0},"mSD":{"x":0.0,"y":0.0},"vB":[],"vBD":[],"vBU":[],"vA":[]}
{"t":19.4136962890625,"gK":[331,351],"gKD":[331,351],"gKU":[],"mP":{"x":1888.0,"y":113.0,"z":0.0},"mWP":{"x":0.0,"y":0.0,"z":0.0},"mSD":{"x":0.0,"y":0.0},"vB":[],"vBD":[],"vBU":[],"vA":[]}
{"t":20.414093017578126,"gK":[331,337,351,357],"gKD":[337,357],"gKU":[],"mP":{"x":1888.0,"y":113.0,"z":0.0},"mWP":{"x":0.0,"y":0.0,"z":0.0},"mSD":{"x":0.0,"y":0.0},"vB":[],"vBD":[],"vBU":[],"vA":[]}
{"t":20.447967529296876,"gK":[337,357],"gKD":[],"gKU":[331,351],"mP":{"x":1888.0,"y":113.0,"z":0.0},"mWP":{"x":0.0,"y":0.0,"z":0.0},"mSD":{"x":0.0,"y":0.0},"vB":[],"vBD":[],"vBU":[],"vA":[]}
{"t":20.563568115234376,"gK":[],"gKD":[],"gKU":[337,357],"mP":{"x":1888.0,"y":113.0,"z":0.0},"mWP":{"x":0.0,"y":0.0,"z":0.0},"mSD":{"x":0.0,"y":0.0},"vB":[],"vBD":[],"vBU":[],"vA":[]}
{"t":21.063018798828126,"gK":[330,350],"gKD":[330,350],"gKU":[],"mP":{"x":1888.0,"y":113.0,"z":0.0},"mWP":{"x":0.0,"y":0.0,"z":0.0},"mSD":{"x":0.0,"y":0.0},"vB":[],"vBD":[],"vBU":[],"vA":[]}
{"t":21.213531494140626,"gK":[],"gKD":[],"gKU":[330,350],"mP":{"x":1888.0,"y":113.0,"z":0.0},"mWP":{"x":0.0,"y":0.0,"z":0.0},"mSD":{"x":0.0,"y":0.0},"vB":[],"vBD":[],"vBU":[],"vA":[]}
{"t":21.531707763671876,"gK":[330,350],"gKD":[330,350],"gKU":[],"mP":{"x":1888.0,"y":113.0,"z":0.0},"mWP":{"x":0.0,"y":0.0,"z":0.0},"mSD":{"x":0.0,"y":0.0},"vB":[],"vBD":[],"vBU":[],"vA":[]}
{"t":21.69671630859375,"gK":[],"gKD":[],"gKU":[330,350],"mP":{"x":1888.0,"y":113.0,"z":0.0},"mWP":{"x":0.0,"y":0.0,"z":0.0},"mSD":{"x":0.0,"y":0.0},"vB":[],"vBD":[],"vBU":[],"vA":[]}
{"t":22.331085205078126,"gK":[331,351],"gKD":[331,351],"gKU":[],"mP":{"x":1888.0,"y":113.0,"z":0.0},"mWP":{"x":0.0,"y":0.0,"z":0.0},"mSD":{"x":0.0,"y":0.0},"vB":[],"vBD":[],"vBU":[],"vA":[]}
{"t":22.9638671875,"gK":[],"gKD":[],"gKU":[331,351],"mP":{"x":1888.0,"y":113.0,"z":0.0},"mWP":{"x":0.0,"y":0.0,"z":0.0},"mSD":{"x":0.0,"y":0.0},"vB":[],"vBD":[],"vBU":[],"vA":[]}
{"t":23.09698486328125,"gK":[331,351],"gKD":[331,351],"gKU":[],"mP":{"x":1888.0,"y":113.0,"z":0.0},"mWP":{"x":0.0,"y":0.0,"z":0.0},"mSD":{"x":0.0,"y":0.0},"vB":[],"vBD":[],"vBU":[],"vA":[]}
{"t":23.397216796875,"gK":[],"gKD":[],"gKU":[331,351],"mP":{"x":1888.0,"y":113.0,"z":0.0},"mWP":{"x":0.0,"y":0.0,"z":0.0},"mSD":{"x":0.0,"y":0.0},"vB":[],"vBD":[],"vBU":[],"vA":[]}
{"t":24.44610595703125,"gK":[330,350],"gKD":[330,350],"gKU":[],"mP":{"x":1888.0,"y":113.0,"z":0.0},"mWP":{"x":0.0,"y":0.0,"z":0.0},"mSD":{"x":0.0,"y":0.0},"vB":[],"vBD":[],"vBU":[],"vA":[]}
{"t":24.596160888671876,"gK":[],"gKD":[],"gKU":[330,350],"mP":{"x":1888.0,"y":113.0,"z":0.0},"mWP":{"x":0.0,"y":0.0,"z":0.0},"mSD":{"x":0.0,"y":0.0},"vB":[],"vBD":[],"vBU":[],"vA":[]}
{"t":25.54608154296875,"gK":[330,350],"gKD":[330,350],"gKU":[],"mP":{"x":1888.0,"y":113.0,"z":0.0},"mWP":{"x":0.0,"y":0.0,"z":0.0},"mSD":{"x":0.0,"y":0.0},"vB":[],"vBD":[],"vBU":[],"vA":[]}
{"t":25.66351318359375,"gK":[],"gKD":[],"gKU":[330,350],"mP":{"x":1888.0,"y":113.0,"z":0.0},"mWP":{"x":0.0,"y":0.0,"z":0.0},"mSD":{"x":0.0,"y":0.0},"vB":[],"vBD":[],"vBU":[],"vA":[]}
{"t":26.246734619140626,"gK":[330,350],"gKD":[330,350],"gKU":[],"mP":{"x":1888.0,"y":113.0,"z":0.0},"mWP":{"x":0.0,"y":0.0,"z":0.0},"mSD":{"x":0.0,"y":0.0},"vB":[],"vBD":[],"vBU":[],"vA":[]}
{"t":26.396148681640626,"gK":[],"gKD":[],"gKU":[330,350],"mP":{"x":1888.0,"y":113.0,"z":0.0},"mWP":{"x":0.0,"y":0.0,"z":0.0},"mSD":{"x":0.0,"y":0.0},"vB":[],"vBD":[],"vBU":[],"vA":[]}
{"t":26.696807861328126,"gK":[337,357],"gKD":[337,357],"gKU":[],"mP":{"x":1888.0,"y":113.0,"z":0.0},"mWP":{"x":0.0,"y":0.0,"z":0.0},"mSD":{"x":0.0,"y":0.0},"vB":[],"vBD":[],"vBU":[],"vA":[]}
{"t":26.846710205078126,"gK":[],"gKD":[],"gKU":[337,357],"mP":{"x":1888.0,"y":113.0,"z":0.0},"mWP":{"x":0.0,"y":0.0,"z":0.0},"mSD":{"x":0.0,"y":0.0},"vB":[],"vBD":[],"vBU":[],"vA":[]}
{"t":27.29681396484375,"gK":[331,351],"gKD":[331,351],"gKU":[],"mP":{"x":1888.0,"y":113.0,"z":0.0},"mWP":{"x":0.0,"y":0.0,"z":0.0},"mSD":{"x":0.0,"y":0.0},"vB":[],"vBD":[],"vBU":[],"vA":[]}
{"t":27.41339111328125,"gK":[],"gKD":[],"gKU":[331,351],"mP":{"x":1888.0,"y":113.0,"z":0.0},"mWP":{"x":0.0,"y":0.0,"z":0.0},"mSD":{"x":0.0,"y":0.0},"vB":[],"vBD":[],"vBU":[],"vA":[]}
{"t":27.8135986328125,"gK":[337,357],"gKD":[337,357],"gKU":[],"mP":{"x":1888.0,"y":113.0,"z":0.0},"mWP":{"x":0.0,"y":0.0,"z":0.0},"mSD":{"x":0.0,"y":0.0},"vB":[],"vBD":[],"vBU":[],"vA":[]}
{"t":27.9971923828125,"gK":[],"gKD":[],"gKU":[337,357],"mP":{"x":1888.0,"y":113.0,"z":0.0},"mWP":{"x":0.0,"y":0.0,"z":0.0},"mSD":{"x":0.0,"y":0.0},"vB":[],"vBD":[],"vBU":[],"vA":[]}
{"t":29.063385009765626,"gK":[337,357],"gKD":[337,357],"gKU":[],"mP":{"x":1888.0,"y":113.0,"z":0.0},"mWP":{"x":0.0,"y":0.0,"z":0.0},"mSD":{"x":0.0,"y":0.0},"vB":[],"vBD":[],"vBU":[],"vA":[]}
{"t":29.2308349609375,"gK":[],"gKD":[],"gKU":[337,357],"mP":{"x":1888.0,"y":113.0,"z":0.0},"mWP":{"x":0.0,"y":0.0,"z":0.0},"mSD":{"x":0.0,"y":0.0},"vB":[],"vBD":[],"vBU":[],"vA":[]}
{"t":29.97979736328125,"gK":[331,351],"gKD":[331,351],"gKU":[],"mP":{"x":1888.0,"y":113.0,"z":0.0},"mWP":{"x":0.0,"y":0.0,"z":0.0},"mSD":{"x":0.0,"y":0.0},"vB":[],"vBD":[],"vBU":[],"vA":[]}
{"t":30.596771240234376,"gK":[],"gKD":[],"gKU":[331,351],"mP":{"x":1888.0,"y":113.0,"z":0.0},"mWP":{"x":0.0,"y":0.0,"z":0.0},"mSD":{"x":0.0,"y":0.0},"vB":[],"vBD":[],"vBU":[],"vA":[]}
{"t":30.829986572265626,"gK":[331,351],"gKD":[331,351],"gKU":[],"mP":{"x":1888.0,"y":113.0,"z":0.0},"mWP":{"x":0.0,"y":0.0,"z":0.0},"mSD":{"x":0.0,"y":0.0},"vB":[],"vBD":[],"vBU":[],"vA":[]}
{"t":31.296661376953126,"gK":[],"gKD":[],"gKU":[331,351],"mP":{"x":1888.0,"y":113.0,"z":0.0},"mWP":{"x":0.0,"y":0.0,"z":0.0},"mSD":{"x":0.0,"y":0.0},"vB":[],"vBD":[],"vBU":[],"vA":[]}
{"t":31.663055419921876,"gK":[331,351],"gKD":[331,351],"gKU":[],"mP":{"x":1888.0,"y":113.0,"z":0.0},"mWP":{"x":0.0,"y":0.0,"z":0.0},"mSD":{"x":0.0,"y":0.0},"vB":[],"vBD":[],"vBU":[],"vA":[]}
{"t":32.04656982421875,"gK":[],"gKD":[],"gKU":[331,351],"mP":{"x":1888.0,"y":113.0,"z":0.0},"mWP":{"x":0.0,"y":0.0,"z":0.0},"mSD":{"x":0.0,"y":0.0},"vB":[],"vBD":[],"vBU":[],"vA":[]}
{"t":32.17999267578125,"gK":[331,351],"gKD":[331,351],"gKU":[],"mP":{"x":1888.0,"y":113.0,"z":0.0},"mWP":{"x":0.0,"y":0.0,"z":0.0},"mSD":{"x":0.0,"y":0.0},"vB":[],"vBD":[],"vBU":[],"vA":[]}
{"t":32.92999267578125,"gK":[],"gKD":[],"gKU":[331,351],"mP":{"x":1888.0,"y":113.0,"z":0.0},"mWP":{"x":0.0,"y":0.0,"z":0.0},"mSD":{"x":0.0,"y":0.0},"vB":[],"vBD":[],"vBU":[],"vA":[]}
{"t":33.014373779296878,"gK":[330,350],"gKD":[330,350],"gKU":[],"mP":{"x":1888.0,"y":113.0,"z":0.0},"mWP":{"x":0.0,"y":0.0,"z":0.0},"mSD":{"x":0.0,"y":0.0},"vB":[],"vBD":[],"vBU":[],"vA":[]}
{"t":33.163360595703128,"gK":[],"gKD":[],"gKU":[330,350],"mP":{"x":1888.0,"y":113.0,"z":0.0},"mWP":{"x":0.0,"y":0.0,"z":0.0},"mSD":{"x":0.0,"y":0.0},"vB":[],"vBD":[],"vBU":[],"vA":[]}
{"t":33.463226318359378,"gK":[331,351],"gKD":[331,351],"gKU":[],"mP":{"x":1888.0,"y":113.0,"z":0.0},"mWP":{"x":0.0,"y":0.0,"z":0.0},"mSD":{"x":0.0,"y":0.0},"vB":[],"vBD":[],"vBU":[],"vA":[]}
{"t":33.76324462890625,"gK":[330,350],"gKD":[330,350],"gKU":[331,351],"mP":{"x":1888.0,"y":113.0,"z":0.0},"mWP":{"x":0.0,"y":0.0,"z":0.0},"mSD":{"x":0.0,"y":0.0},"vB":[],"vBD":[],"vBU":[],"vA":[]}
{"t":33.8968505859375,"gK":[],"gKD":[],"gKU":[330,350],"mP":{"x":1888.0,"y":113.0,"z":0.0},"mWP":{"x":0.0,"y":0.0,"z":0.0},"mSD":{"x":0.0,"y":0.0},"vB":[],"vBD":[],"vBU":[],"vA":[]}
{"t":34.063232421875,"gK":[337,357],"gKD":[337,357],"gKU":[],"mP":{"x":1888.0,"y":113.0,"z":0.0},"mWP":{"x":0.0,"y":0.0,"z":0.0},"mSD":{"x":0.0,"y":0.0},"vB":[],"vBD":[],"vBU":[],"vA":[]}
{"t":34.063232421875,"gK":[],"gKD":[],"gKU":[337,357],"mP":{"x":1888.0,"y":113.0,"z":0.0},"mWP":{"x":0.0,"y":0.0,"z":0.0},"mSD":{"x":0.0,"y":0.0},"vB":[],"vBD":[],"vBU":[],"vA":[]}
{"t":34.83013916015625,"gK":[330,350],"gKD":[330,350],"gKU":[],"mP":{"x":1888.0,"y":113.0,"z":0.0},"mWP":{"x":0.0,"y":0.0,"z":0.0},"mSD":{"x":0.0,"y":0.0},"vB":[],"vBD":[],"vBU":[],"vA":[]}
{"t":34.946380615234378,"gK":[],"gKD":[],"gKU":[330,350],"mP":{"x":1888.0,"y":113.0,"z":0.0},"mWP":{"x":0.0,"y":0.0,"z":0.0},"mSD":{"x":0.0,"y":0.0},"vB":[],"vBD":[],"vBU":[],"vA":[]}
{"t":35.2796630859375,"gK":[331,351],"gKD":[331,351],"gKU":[],"mP":{"x":1888.0,"y":113.0,"z":0.0},"mWP":{"x":0.0,"y":0.0,"z":0.0},"mSD":{"x":0.0,"y":0.0},"vB":[],"vBD":[],"vBU":[],"vA":[]}
{"t":35.679962158203128,"gK":[],"gKD":[],"gKU":[331,351],"mP":{"x":1888.0,"y":113.0,"z":0.0},"mWP":{"x":0.0,"y":0.0,"z":0.0},"mSD":{"x":0.0,"y":0.0},"vB":[],"vBD":[],"vBU":[],"vA":[]}
{"t":35.7796630859375,"gK":[337,357],"gKD":[337,357],"gKU":[],"mP":{"x":1888.0,"y":113.0,"z":0.0},"mWP":{"x":0.0,"y":0.0,"z":0.0},"mSD":{"x":0.0,"y":0.0},"vB":[],"vBD":[],"vBU":[],"vA":[]}
{"t":35.94635009765625,"gK":[],"gKD":[],"gKU":[337,357],"mP":{"x":1888.0,"y":113.0,"z":0.0},"mWP":{"x":0.0,"y":0.0,"z":0.0},"mSD":{"x":0.0,"y":0.0},"vB":[],"vBD":[],"vBU":[],"vA":[]}
{"t":36.4974365234375,"gK":[331,351],"gKD":[331,351],"gKU":[],"mP":{"x":1888.0,"y":113.0,"z":0.0},"mWP":{"x":0.0,"y":0.0,"z":0.0},"mSD":{"x":0.0,"y":0.0},"vB":[],"vBD":[],"vBU":[],"vA":[]}
{"t":36.9302978515625,"gK":[],"gKD":[],"gKU":[331,351],"mP":{"x":1888.0,"y":113.0,"z":0.0},"mWP":{"x":0.0,"y":0.0,"z":0.0},"mSD":{"x":0.0,"y":0.0},"vB":[],"vBD":[],"vBU":[],"vA":[]}
{"t":37.279632568359378,"gK":[331,351],"gKD":[331,351],"gKU":[],"mP":{"x":1888.0,"y":113.0,"z":0.0},"mWP":{"x":0.0,"y":0.0,"z":0.0},"mSD":{"x":0.0,"y":0.0},"vB":[],"vBD":[],"vBU":[],"vA":[]}
{"t":37.545562744140628,"gK":[],"gKD":[],"gKU":[331,351],"mP":{"x":1888.0,"y":113.0,"z":0.0},"mWP":{"x":0.0,"y":0.0,"z":0.0},"mSD":{"x":0.0,"y":0.0},"vB":[],"vBD":[],"vBU":[],"vA":[]}
{"t":38.329498291015628,"gK":[331,351],"gKD":[331,351],"gKU":[],"mP":{"x":1888.0,"y":113.0,"z":0.0},"mWP":{"x":0.0,"y":0.0,"z":0.0},"mSD":{"x":0.0,"y":0.0},"vB":[],"vBD":[],"vBU":[],"vA":[]}
{"t":38.729736328125,"gK":[],"gKD":[],"gKU":[331,351],"mP":{"x":1888.0,"y":113.0,"z":0.0},"mWP":{"x":0.0,"y":0.0,"z":0.0},"mSD":{"x":0.0,"y":0.0},"vB":[],"vBD":[],"vBU":[],"vA":[]}
{"t":39.180450439453128,"gK":[331,351],"gKD":[331,351],"gKU":[],"mP":{"x":1888.0,"y":113.0,"z":0.0},"mWP":{"x":0.0,"y":0.0,"z":0.0},"mSD":{"x":0.0,"y":0.0},"vB":[],"vBD":[],"vBU":[],"vA":[]}
{"t":39.29656982421875,"gK":[],"gKD":[],"gKU":[331,351],"mP":{"x":1888.0,"y":113.0,"z":0.0},"mWP":{"x":0.0,"y":0.0,"z":0.0},"mSD":{"x":0.0,"y":0.0},"vB":[],"vBD":[],"vBU":[],"vA":[]}
{"t":39.313323974609378,"gK":[337,357],"gKD":[337,357],"gKU":[],"mP":{"x":1888.0,"y":113.0,"z":0.0},"mWP":{"x":0.0,"y":0.0,"z":0.0},"mSD":{"x":0.0,"y":0.0},"vB":[],"vBD":[],"vBU":[],"vA":[]}
{"t":39.49560546875,"gK":[],"gKD":[],"gKU":[337,357],"mP":{"x":1888.0,"y":113.0,"z":0.0},"mWP":{"x":0.0,"y":0.0,"z":0.0},"mSD":{"x":0.0,"y":0.0},"vB":[],"vBD":[],"vBU":[],"vA":[]}
{"t":40.01348876953125,"gK":[331,351],"gKD":[331,351],"gKU":[],"mP":{"x":1888.0,"y":113.0,"z":0.0},"mWP":{"x":0.0,"y":0.0,"z":0.0},"mSD":{"x":0.0,"y":0.0},"vB":[],"vBD":[],"vBU":[],"vA":[]}
{"t":40.181427001953128,"gK":[],"gKD":[],"gKU":[331,351],"mP":{"x":1888.0,"y":113.0,"z":0.0},"mWP":{"x":0.0,"y":0.0,"z":0.0},"mSD":{"x":0.0,"y":0.0},"vB":[],"vBD":[],"vBU":[],"vA":[]}
{"t":40.51239013671875,"gK":[330,350],"gKD":[330,350],"gKU":[],"mP":{"x":1888.0,"y":113.0,"z":0.0},"mWP":{"x":0.0,"y":0.0,"z":0.0},"mSD":{"x":0.0,"y":0.0},"vB":[],"vBD":[],"vBU":[],"vA":[]}
{"t":40.679901123046878,"gK":[],"gKD":[],"gKU":[330,350],"mP":{"x":1888.0,"y":113.0,"z":0.0},"mWP":{"x":0.0,"y":0.0,"z":0.0},"mSD":{"x":0.0,"y":0.0},"vB":[],"vBD":[],"vBU":[],"vA":[]}
{"t":41.379608154296878,"gK":[330,350],"gKD":[330,350],"gKU":[],"mP":{"x":1888.0,"y":113.0,"z":0.0},"mWP":{"x":0.0,"y":0.0,"z":0.0},"mSD":{"x":0.0,"y":0.0},"vB":[],"vBD":[],"vBU":[],"vA":[]}
{"t":41.446563720703128,"gK":[],"gKD":[],"gKU":[330,350],"mP":{"x":1888.0,"y":113.0,"z":0.0},"mWP":{"x":0.0,"y":0.0,"z":0.0},"mSD":{"x":0.0,"y":0.0},"vB":[],"vBD":[],"vBU":[],"vA":[]}
{"t":41.579498291015628,"gK":[330,350],"gKD":[330,350],"gKU":[],"mP":{"x":1888.0,"y":113.0,"z":0.0},"mWP":{"x":0.0,"y":0.0,"z":0.0},"mSD":{"x":0.0,"y":0.0},"vB":[],"vBD":[],"vBU":[],"vA":[]}
{"t":41.629425048828128,"gK":[],"gKD":[],"gKU":[330,350],"mP":{"x":1888.0,"y":113.0,"z":0.0},"mWP":{"x":0.0,"y":0.0,"z":0.0},"mSD":{"x":0.0,"y":0.0},"vB":[],"vBD":[],"vBU":[],"vA":[]}
{"t":41.730072021484378,"gK":[330,350],"gKD":[330,350],"gKU":[],"mP":{"x":1888.0,"y":113.0,"z":0.0},"mWP":{"x":0.0,"y":0.0,"z":0.0},"mSD":{"x":0.0,"y":0.0},"vB":[],"vBD":[],"vBU":[],"vA":[]}
{"t":41.829925537109378,"gK":[],"gKD":[],"gKU":[330,350],"mP":{"x":1888.0,"y":113.0,"z":0.0},"mWP":{"x":0.0,"y":0.0,"z":0.0},"mSD":{"x":0.0,"y":0.0},"vB":[],"vBD":[],"vBU":[],"vA":[]}
{"t":41.880462646484378,"gK":[330,350],"gKD":[330,350],"gKU":[],"mP":{"x":1888.0,"y":113.0,"z":0.0},"mWP":{"x":0.0,"y":0.0,"z":0.0},"mSD":{"x":0.0,"y":0.0},"vB":[],"vBD":[],"vBU":[],"vA":[]}
{"t":41.99615478515625,"gK":[],"gKD":[],"gKU":[330,350],"mP":{"x":1888.0,"y":113.0,"z":0.0},"mWP":{"x":0.0,"y":0.0,"z":0.0},"mSD":{"x":0.0,"y":0.0},"vB":[],"vBD":[],"vBU":[],"vA":[]}
{"t":42.37945556640625,"gK":[331,351],"gKD":[331,351],"gKU":[],"mP":{"x":1888.0,"y":113.0,"z":0.0},"mWP":{"x":0.0,"y":0.0,"z":0.0},"mSD":{"x":0.0,"y":0.0},"vB":[],"vBD":[],"vBU":[],"vA":[]}
{"t":42.529510498046878,"gK":[],"gKD":[],"gKU":[331,351],"mP":{"x":1888.0,"y":113.0,"z":0.0},"mWP":{"x":0.0,"y":0.0,"z":0.0},"mSD":{"x":0.0,"y":0.0},"vB":[],"vBD":[],"vBU":[],"vA":[]}
{"t":42.679473876953128,"gK":[330,350],"gKD":[330,350],"gKU":[],"mP":{"x":1888.0,"y":113.0,"z":0.0},"mWP":{"x":0.0,"y":0.0,"z":0.0},"mSD":{"x":0.0,"y":0.0},"vB":[],"vBD":[],"vBU":[],"vA":[]}
{"t":42.795867919921878,"gK":[],"gKD":[],"gKU":[330,350],"mP":{"x":1888.0,"y":113.0,"z":0.0},"mWP":{"x":0.0,"y":0.0,"z":0.0},"mSD":{"x":0.0,"y":0.0},"vB":[],"vBD":[],"vBU":[],"vA":[]}
{"t":43.0625,"gK":[337,357],"gKD":[337,357],"gKU":[],"mP":{"x":1888.0,"y":113.0,"z":0.0},"mWP":{"x":0.0,"y":0.0,"z":0.0},"mSD":{"x":0.0,"y":0.0},"vB":[],"vBD":[],"vBU":[],"vA":[]}
{"t":43.262481689453128,"gK":[],"gKD":[],"gKU":[337,357],"mP":{"x":1888.0,"y":113.0,"z":0.0},"mWP":{"x":0.0,"y":0.0,"z":0.0},"mSD":{"x":0.0,"y":0.0},"vB":[],"vBD":[],"vBU":[],"vA":[]}
{"t":43.812347412109378,"gK":[331,351],"gKD":[331,351],"gKU":[],"mP":{"x":1888.0,"y":113.0,"z":0.0},"mWP":{"x":0.0,"y":0.0,"z":0.0},"mSD":{"x":0.0,"y":0.0},"vB":[],"vBD":[],"vBU":[],"vA":[]}
{"t":43.878814697265628,"gK":[],"gKD":[],"gKU":[331,351],"mP":{"x":1888.0,"y":113.0,"z":0.0},"mWP":{"x":0.0,"y":0.0,"z":0.0},"mSD":{"x":0.0,"y":0.0},"vB":[],"vBD":[],"vBU":[],"vA":[]}
{"t":44.0126953125,"gK":[337,357],"gKD":[337,357],"gKU":[],"mP":{"x":1888.0,"y":113.0,"z":0.0},"mWP":{"x":0.0,"y":0.0,"z":0.0},"mSD":{"x":0.0,"y":0.0},"vB":[],"vBD":[],"vBU":[],"vA":[]}
{"t":44.178955078125,"gK":[],"gKD":[],"gKU":[337,357],"mP":{"x":1888.0,"y":113.0,"z":0.0},"mWP":{"x":0.0,"y":0.0,"z":0.0},"mSD":{"x":0.0,"y":0.0},"vB":[],"vBD":[],"vBU":[],"vA":[]}
{"t":45.462066650390628,"gK":[331,351],"gKD":[331,351],"gKU":[],"mP":{"x":1888.0,"y":113.0,"z":0.0},"mWP":{"x":0.0,"y":0.0,"z":0.0},"mSD":{"x":0.0,"y":0.0},"vB":[],"vBD":[],"vBU":[],"vA":[]}
{"t":45.5789794921875,"gK":[],"gKD":[],"gKU":[331,351],"mP":{"x":1888.0,"y":113.0,"z":0.0},"mWP":{"x":0.0,"y":0.0,"z":0.0},"mSD":{"x":0.0,"y":0.0},"vB":[],"vBD":[],"vBU":[],"vA":[]}
{"t":45.928985595703128,"gK":[332,352],"gKD":[332,352],"gKU":[],"mP":{"x":1888.0,"y":113.0,"z":0.0},"mWP":{"x":0.0,"y":0.0,"z":0.0},"mSD":{"x":0.0,"y":0.0},"vB":[],"vBD":[],"vBU":[],"vA":[]}
{"t":46.012115478515628,"gK":[],"gKD":[],"gKU":[332,352],"mP":{"x":1888.0,"y":113.0,"z":0.0},"mWP":{"x":0.0,"y":0.0,"z":0.0},"mSD":{"x":0.0,"y":0.0},"vB":[],"vBD":[],"vBU":[],"vA":[]}
{"t":46.712158203125,"gK":[332,352],"gKD":[332,352],"gKU":[],"mP":{"x":1888.0,"y":113.0,"z":0.0},"mWP":{"x":0.0,"y":0.0,"z":0.0},"mSD":{"x":0.0,"y":0.0},"vB":[],"vBD":[],"vBU":[],"vA":[]}
{"t":46.79510498046875,"gK":[],"gKD":[],"gKU":[332,352],"mP":{"x":1888.0,"y":113.0,"z":0.0},"mWP":{"x":0.0,"y":0.0,"z":0.0},"mSD":{"x":0.0,"y":0.0},"vB":[],"vBD":[],"vBU":[],"vA":[]}
{"t":46.879119873046878,"gK":[332,352],"gKD":[332,352],"gKU":[],"mP":{"x":1888.0,"y":113.0,"z":0.0},"mWP":{"x":0.0,"y":0.0,"z":0.0},"mSD":{"x":0.0,"y":0.0},"vB":[],"vBD":[],"vBU":[],"vA":[]}
{"t":46.9625244140625,"gK":[],"gKD":[],"gKU":[332,352],"mP":{"x":1888.0,"y":113.0,"z":0.0},"mWP":{"x":0.0,"y":0.0,"z":0.0},"mSD":{"x":0.0,"y":0.0},"vB":[],"vBD":[],"vBU":[],"vA":[]}
{"t":47.029693603515628,"gK":[332,352],"gKD":[332,352],"gKU":[],"mP":{"x":1888.0,"y":113.0,"z":0.0},"mWP":{"x":0.0,"y":0.0,"z":0.0},"mSD":{"x":0.0,"y":0.0},"vB":[],"vBD":[],"vBU":[],"vA":[]}
{"t":47.1290283203125,"gK":[],"gKD":[],"gKU":[332,352],"mP":{"x":1888.0,"y":113.0,"z":0.0},"mWP":{"x":0.0,"y":0.0,"z":0.0},"mSD":{"x":0.0,"y":0.0},"vB":[],"vBD":[],"vBU":[],"vA":[]}
{"t":47.262298583984378,"gK":[332,352],"gKD":[332,352],"gKU":[],"mP":{"x":1888.0,"y":113.0,"z":0.0},"mWP":{"x":0.0,"y":0.0,"z":0.0},"mSD":{"x":0.0,"y":0.0},"vB":[],"vBD":[],"vBU":[],"vA":[]}
{"t":47.362335205078128,"gK":[],"gKD":[],"gKU":[332,352],"mP":{"x":1888.0,"y":113.0,"z":0.0},"mWP":{"x":0.0,"y":0.0,"z":0.0},"mSD":{"x":0.0,"y":0.0},"vB":[],"vBD":[],"vBU":[],"vA":[]}
{"t":47.97882080078125,"gK":[332,352],"gKD":[332,352],"gKU":[],"mP":{"x":1888.0,"y":113.0,"z":0.0},"mWP":{"x":0.0,"y":0.0,"z":0.0},"mSD":{"x":0.0,"y":0.0},"vB":[],"vBD":[],"vBU":[],"vA":[]}
{"t":48.0625,"gK":[],"gKD":[],"gKU":[332,352],"mP":{"x":1888.0,"y":113.0,"z":0.0},"mWP":{"x":0.0,"y":0.0,"z":0.0},"mSD":{"x":0.0,"y":0.0},"vB":[],"vBD":[],"vBU":[],"vA":[]}
{"t":48.362640380859378,"gK":[332,352],"gKD":[332,352],"gKU":[],"mP":{"x":1888.0,"y":113.0,"z":0.0},"mWP":{"x":0.0,"y":0.0,"z":0.0},"mSD":{"x":0.0,"y":0.0},"vB":[],"vBD":[],"vBU":[],"vA":[]}
{"t":48.512054443359378,"gK":[],"gKD":[],"gKU":[332,352],"mP":{"x":1888.0,"y":113.0,"z":0.0},"mWP":{"x":0.0,"y":0.0,"z":0.0},"mSD":{"x":0.0,"y":0.0},"vB":[],"vBD":[],"vBU":[],"vA":[]}
{"t":48.59576416015625,"gK":[332,352],"gKD":[332,352],"gKU":[],"mP":{"x":1888.0,"y":113.0,"z":0.0},"mWP":{"x":0.0,"y":0.0,"z":0.0},"mSD":{"x":0.0,"y":0.0},"vB":[],"vBD":[],"vBU":[],"vA":[]}
{"t":48.69549560546875,"gK":[],"gKD":[],"gKU":[332,352],"mP":{"x":1888.0,"y":113.0,"z":0.0},"mWP":{"x":0.0,"y":0.0,"z":0.0},"mSD":{"x":0.0,"y":0.0},"vB":[],"vBD":[],"vBU":[],"vA":[]}
{"t":52.26214599609375,"gK":[337,357],"gKD":[337,357],"gKU":[],"mP":{"x":1888.0,"y":113.0,"z":0.0},"mWP":{"x":0.0,"y":0.0,"z":0.0},"mSD":{"x":0.0,"y":0.0},"vB":[],"vBD":[],"vBU":[],"vA":[]}
{"t":52.412322998046878,"gK":[],"gKD":[],"gKU":[337,357],"mP":{"x":1888.0,"y":113.0,"z":0.0},"mWP":{"x":0.0,"y":0.0,"z":0.0},"mSD":{"x":0.0,"y":0.0},"vB":[],"vBD":[],"vBU":[],"vA":[]}
