{"t":0.0,"gK":[],"gKD":[],"gKU":[],"mP":{"x":404.0,"y":652.0,"z":0.0},"mWP":{"x":0.0,"y":0.0,"z":0.0},"mSD":{"x":0.0,"y":0.0},"vB":[],"vBD":[],"vBU":[],"vA":[]}
{"t":4.949772834777832,"gK":[27],"gKD":[27],"gKU":[],"mP":{"x":404.0,"y":652.0,"z":0.0},"mWP":{"x":0.0,"y":0.0,"z":0.0},"mSD":{"x":0.0,"y":0.0},"vB":[],"vBD":[],"vBU":[],"vA":[]}
{"t":4.949772834777832,"gK":[],"gKD":[],"gKU":[27],"mP":{"x":404.0,"y":652.0,"z":0.0},"mWP":{"x":0.0,"y":0.0,"z":0.0},"mSD":{"x":0.0,"y":0.0},"vB":[],"vBD":[],"vBU":[],"vA":[]}
{"t":4.949772834777832,"gK":[308],"gKD":[308],"gKU":[],"mP":{"x":404.0,"y":652.0,"z":0.0},"mWP":{"x":0.0,"y":0.0,"z":0.0},"mSD":{"x":0.0,"y":0.0},"vB":[],"vBD":[],"vBU":[],"vA":[]}
{"t":4.949772834777832,"gK":[308],"gKD":[],"gKU":[],"mP":{"x":405.0,"y":652.0,"z":0.0},"mWP":{"x":0.0,"y":0.0,"z":0.0},"mSD":{"x":0.0,"y":0.0},"vB":[],"vBD":[],"vBU":[],"vA":[]}
{"t":4.949772834777832,"gK":[308],"gKD":[],"gKU":[],"mP":{"x":408.0,"y":652.0,"z":0.0},"mWP":{"x":0.0,"y":0.0,"z":0.0},"mSD":{"x":0.0,"y":0.0},"vB":[],"vBD":[],"vBU":[],"vA":[]}
{"t":4.949772834777832,"gK":[308],"gKD":[],"gKU":[],"mP":{"x":410.0,"y":652.0,"z":0.0},"mWP":{"x":0.0,"y":0.0,"z":0.0},"mSD":{"x":0.0,"y":0.0},"vB":[],"vBD":[],"vBU":[],"vA":[]}
{"t":4.949772834777832,"gK":[308],"gKD":[],"gKU":[],"mP":{"x":413.0,"y":652.0,"z":0.0},"mWP":{"x":0.0,"y":0.0,"z":0.0},"mSD":{"x":0.0,"y":0.0},"vB":[],"vBD":[],"vBU":[],"vA":[]}
{"t":4.949772834777832,"gK":[308],"gKD":[],"gKU":[],"mP":{"x":419.0,"y":653.0,"z":0.0},"mWP":{"x":0.0,"y":0.0,"z":0.0},"mSD":{"x":0.0,"y":0.0},"vB":[],"vBD":[],"vBU":[],"vA":[]}
{"t":4.949772834777832,"gK":[308],"gKD":[],"gKU":[],"mP":{"x":439.0,"y":651.0,"z":0.0},"mWP":{"x":0.0,"y":0.0,"z":0.0},"mSD":{"x":0.0,"y":0.0},"vB":[],"vBD":[],"vBU":[],"vA":[]}
{"t":4.949772834777832,"gK":[308],"gKD":[],"gKU":[],"mP":{"x":448.0,"y":650.0,"z":0.0},"mWP":{"x":0.0,"y":0.0,"z":0.0},"mSD":{"x":0.0,"y":0.0},"vB":[],"vBD":[],"vBU":[],"vA":[]}
{"t":4.949772834777832,"gK":[308],"gKD":[],"gKU":[],"mP":{"x":479.0,"y":646.0,"z":0.0},"mWP":{"x":0.0,"y":0.0,"z":0.0},"mSD":{"x":0.0,"y":0.0},"vB":[],"vBD":[],"vBU":[],"vA":[]}
{"t":4.949772834777832,"gK":[308],"gKD":[],"gKU":[],"mP":{"x":505.0,"y":643.0,"z":0.0},"mWP":{"x":0.0,"y":0.0,"z":0.0},"mSD":{"x":0.0,"y":0.0},"vB":[],"vBD":[],"vBU":[],"vA":[]}
{"t":4.949772834777832,"gK":[308],"gKD":[],"gKU":[],"mP":{"x":529.0,"y":640.0,"z":0.0},"mWP":{"x":0.0,"y":0.0,"z":0.0},"mSD":{"x":0.0,"y":0.0},"vB":[],"vBD":[],"vBU":[],"vA":[]}
{"t":4.949772834777832,"gK":[308],"gKD":[],"gKU":[],"mP":{"x":552.0,"y":637.0,"z":0.0},"mWP":{"x":0.0,"y":0.0,"z":0.0},"mSD":{"x":0.0,"y":0.0},"vB":[],"vBD":[],"vBU":[],"vA":[]}
{"t":4.949772834777832,"gK":[308],"gKD":[],"gKU":[],"mP":{"x":573.0,"y":634.0,"z":0.0},"mWP":{"x":0.0,"y":0.0,"z":0.0},"mSD":{"x":0.0,"y":0.0},"vB":[],"vBD":[],"vBU":[],"vA":[]}
