{"t":0.0,"gK":[],"gKD":[],"gKU":[],"mP":{"x":990.0,"y":536.0,"z":0.0},"mWP":{"x":0.0,"y":0.0,"z":0.0},"mSD":{"x":0.0,"y":0.0},"vB":[],"vBD":[],"vBU":[],"vA":[]}
{"t":1.6297836303710938,"gK":[27],"gKD":[27],"gKU":[],"mP":{"x":990.0,"y":536.0,"z":0.0},"mWP":{"x":0.0,"y":0.0,"z":0.0},"mSD":{"x":0.0,"y":0.0},"vB":[],"vBD":[],"vBU":[],"vA":[]}
{"t":1.6297836303710938,"gK":[27],"gKD":[],"gKU":[],"mP":{"x":986.0,"y":534.0,"z":0.0},"mWP":{"x":0.0,"y":0.0,"z":0.0},"mSD":{"x":0.0,"y":0.0},"vB":[],"vBD":[],"vBU":[],"vA":[]}
{"t":1.6297836303710938,"gK":[],"gKD":[],"gKU":[27],"mP":{"x":980.0,"y":524.0,"z":0.0},"mWP":{"x":0.0,"y":0.0,"z":0.0},"mSD":{"x":0.0,"y":0.0},"vB":[],"vBD":[],"vBU":[],"vA":[]}
{"t":1.6297836303710938,"gK":[],"gKD":[],"gKU":[],"mP":{"x":975.0,"y":515.0,"z":0.0},"mWP":{"x":0.0,"y":0.0,"z":0.0},"mSD":{"x":0.0,"y":0.0},"vB":[],"vBD":[],"vBU":[],"vA":[]}
{"t":1.6297836303710938,"gK":[],"gKD":[],"gKU":[],"mP":{"x":971.0,"y":504.0,"z":0.0},"mWP":{"x":0.0,"y":0.0,"z":0.0},"mSD":{"x":0.0,"y":0.0},"vB":[],"vBD":[],"vBU":[],"vA":[]}
{"t":1.6297836303710938,"gK":[],"gKD":[],"gKU":[],"mP":{"x":967.0,"y":487.0,"z":0.0},"mWP":{"x":0.0,"y":0.0,"z":0.0},"mSD":{"x":0.0,"y":0.0},"vB":[],"vBD":[],"vBU":[],"vA":[]}
{"t":1.6297836303710938,"gK":[],"gKD":[],"gKU":[],"mP":{"x":964.0,"y":467.0,"z":0.0},"mWP":{"x":0.0,"y":0.0,"z":0.0},"mSD":{"x":0.0,"y":0.0},"vB":[],"vBD":[],"vBU":[],"vA":[]}
{"t":1.6297836303710938,"gK":[],"gKD":[],"gKU":[],"mP":{"x":961.0,"y":445.0,"z":0.0},"mWP":{"x":0.0,"y":0.0,"z":0.0},"mSD":{"x":0.0,"y":0.0},"vB":[],"vBD":[],"vBU":[],"vA":[]}
{"t":1.6297836303710938,"gK":[],"gKD":[],"gKU":[],"mP":{"x":957.0,"y":417.0,"z":0.0},"mWP":{"x":0.0,"y":0.0,"z":0.0},"mSD":{"x":0.0,"y":0.0},"vB":[],"vBD":[],"vBU":[],"vA":[]}
{"t":1.6297836303710938,"gK":[],"gKD":[],"gKU":[],"mP":{"x":954.0,"y":390.0,"z":0.0},"mWP":{"x":0.0,"y":0.0,"z":0.0},"mSD":{"x":0.0,"y":0.0},"vB":[],"vBD":[],"vBU":[],"vA":[]}
{"t":1.6297836303710938,"gK":[],"gKD":[],"gKU":[],"mP":{"x":952.0,"y":362.0,"z":0.0},"mWP":{"x":0.0,"y":0.0,"z":0.0},"mSD":{"x":0.0,"y":0.0},"vB":[],"vBD":[],"vBU":[],"vA":[]}
{"t":1.6297836303710938,"gK":[],"gKD":[],"gKU":[],"mP":{"x":946.0,"y":318.0,"z":0.0},"mWP":{"x":0.0,"y":0.0,"z":0.0},"mSD":{"x":0.0,"y":0.0},"vB":[],"vBD":[],"vBU":[],"vA":[]}
{"t":1.6297836303710938,"gK":[],"gKD":[],"gKU":[],"mP":{"x":945.0,"y":297.0,"z":0.0},"mWP":{"x":0.0,"y":0.0,"z":0.0},"mSD":{"x":0.0,"y":0.0},"vB":[],"vBD":[],"vBU":[],"vA":[]}
{"t":1.6297836303710938,"gK":[],"gKD":[],"gKU":[],"mP":{"x":946.0,"y":273.0,"z":0.0},"mWP":{"x":0.0,"y":0.0,"z":0.0},"mSD":{"x":0.0,"y":0.0},"vB":[],"vBD":[],"vBU":[],"vA":[]}
{"t":1.6297836303710938,"gK":[],"gKD":[],"gKU":[],"mP":{"x":953.0,"y":249.0,"z":0.0},"mWP":{"x":0.0,"y":0.0,"z":0.0},"mSD":{"x":0.0,"y":0.0},"vB":[],"vBD":[],"vBU":[],"vA":[]}
{"t":1.6297836303710938,"gK":[],"gKD":[],"gKU":[],"mP":{"x":955.0,"y":221.0,"z":0.0},"mWP":{"x":0.0,"y":0.0,"z":0.0},"mSD":{"x":0.0,"y":0.0},"vB":[],"vBD":[],"vBU":[],"vA":[]}
{"t":1.6297836303710938,"gK":[],"gKD":[],"gKU":[],"mP":{"x":956.0,"y":201.0,"z":0.0},"mWP":{"x":0.0,"y":0.0,"z":0.0},"mSD":{"x":0.0,"y":0.0},"vB":[],"vBD":[],"vBU":[],"vA":[]}
{"t":1.6297836303710938,"gK":[],"gKD":[],"gKU":[],"mP":{"x":957.0,"y":179.0,"z":0.0},"mWP":{"x":0.0,"y":0.0,"z":0.0},"mSD":{"x":0.0,"y":0.0},"vB":[],"vBD":[],"vBU":[],"vA":[]}
{"t":1.6297836303710938,"gK":[],"gKD":[],"gKU":[],"mP":{"x":959.0,"y":163.0,"z":0.0},"mWP":{"x":0.0,"y":0.0,"z":0.0},"mSD":{"x":0.0,"y":0.0},"vB":[],"vBD":[],"vBU":[],"vA":[]}
{"t":1.6297836303710938,"gK":[],"gKD":[],"gKU":[],"mP":{"x":961.0,"y":152.0,"z":0.0},"mWP":{"x":0.0,"y":0.0,"z":0.0},"mSD":{"x":0.0,"y":0.0},"vB":[],"vBD":[],"vBU":[],"vA":[]}
{"t":1.6297836303710938,"gK":[],"gKD":[],"gKU":[],"mP":{"x":963.0,"y":137.0,"z":0.0},"mWP":{"x":0.0,"y":0.0,"z":0.0},"mSD":{"x":0.0,"y":0.0},"vB":[],"vBD":[],"vBU":[],"vA":[]}
{"t":1.6297836303710938,"gK":[],"gKD":[],"gKU":[],"mP":{"x":966.0,"y":124.0,"z":0.0},"mWP":{"x":0.0,"y":0.0,"z":0.0},"mSD":{"x":0.0,"y":0.0},"vB":[],"vBD":[],"vBU":[],"vA":[]}
{"t":1.6297836303710938,"gK":[],"gKD":[],"gKU":[],"mP":{"x":970.0,"y":109.0,"z":0.0},"mWP":{"x":0.0,"y":0.0,"z":0.0},"mSD":{"x":0.0,"y":0.0},"vB":[],"vBD":[],"vBU":[],"vA":[]}
{"t":1.6297836303710938,"gK":[],"gKD":[],"gKU":[],"mP":{"x":972.0,"y":106.0,"z":0.0},"mWP":{"x":0.0,"y":0.0,"z":0.0},"mSD":{"x":0.0,"y":0.0},"vB":[],"vBD":[],"vBU":[],"vA":[]}
{"t":1.6297836303710938,"gK":[],"gKD":[],"gKU":[],"mP":{"x":972.0,"y":104.0,"z":0.0},"mWP":{"x":0.0,"y":0.0,"z":0.0},"mSD":{"x":0.0,"y":0.0},"vB":[],"vBD":[],"vBU":[],"vA":[]}
{"t":1.6297836303710938,"gK":[],"gKD":[],"gKU":[],"mP":{"x":972.0,"y":102.0,"z":0.0},"mWP":{"x":0.0,"y":0.0,"z":0.0},"mSD":{"x":0.0,"y":0.0},"vB":[],"vBD":[],"vBU":[],"vA":[]}
{"t":1.6297836303710938,"gK":[],"gKD":[],"gKU":[],"mP":{"x":972.0,"y":100.0,"z":0.0},"mWP":{"x":0.0,"y":0.0,"z":0.0},"mSD":{"x":0.0,"y":0.0},"vB":[],"vBD":[],"vBU":[],"vA":[]}
{"t":1.6297836303710938,"gK":[],"gKD":[],"gKU":[],"mP":{"x":972.0,"y":98.0,"z":0.0},"mWP":{"x":0.0,"y":0.0,"z":0.0},"mSD":{"x":0.0,"y":0.0},"vB":[],"vBD":[],"vBU":[],"vA":[]}
{"t":1.6297836303710938,"gK":[],"gKD":[],"gKU":[],"mP":{"x":972.0,"y":97.0,"z":0.0},"mWP":{"x":0.0,"y":0.0,"z":0.0},"mSD":{"x":0.0,"y":0.0},"vB":[],"vBD":[],"vBU":[],"vA":[]}
{"t":1.6297836303710938,"gK":[],"gKD":[],"gKU":[],"mP":{"x":971.0,"y":97.0,"z":0.0},"mWP":{"x":0.0,"y":0.0,"z":0.0},"mSD":{"x":0.0,"y":0.0},"vB":[],"vBD":[],"vBU":[],"vA":[]}
{"t":1.6297836303710938,"gK":[],"gKD":[],"gKU":[],"mP":{"x":970.0,"y":98.0,"z":0.0},"mWP":{"x":0.0,"y":0.0,"z":0.0},"mSD":{"x":0.0,"y":0.0},"vB":[],"vBD":[],"vBU":[],"vA":[]}
{"t":1.6297836303710938,"gK":[],"gKD":[],"gKU":[],"mP":{"x":969.0,"y":100.0,"z":0.0},"mWP":{"x":0.0,"y":0.0,"z":0.0},"mSD":{"x":0.0,"y":0.0},"vB":[],"vBD":[],"vBU":[],"vA":[]}
{"t":1.6297836303710938,"gK":[],"gKD":[],"gKU":[],"mP":{"x":968.0,"y":102.0,"z":0.0},"mWP":{"x":0.0,"y":0.0,"z":0.0},"mSD":{"x":0.0,"y":0.0},"vB":[],"vBD":[],"vBU":[],"vA":[]}
{"t":1.6297836303710938,"gK":[323],"gKD":[323],"gKU":[],"mP":{"x":968.0,"y":102.0,"z":0.0},"mWP":{"x":0.0,"y":0.0,"z":0.0},"mSD":{"x":0.0,"y":0.0},"vB":[],"vBD":[],"vBU":[],"vA":[]}
{"t":1.6297836303710938,"gK":[],"gKD":[],"gKU":[323],"mP":{"x":968.0,"y":102.0,"z":0.0},"mWP":{"x":0.0,"y":0.0,"z":0.0},"mSD":{"x":0.0,"y":0.0},"vB":[],"vBD":[],"vBU":[],"vA":[]}
{"t":2.1466121673583986,"gK":[],"gKD":[],"gKU":[],"mP":{"x":968.0,"y":103.0,"z":0.0},"mWP":{"x":0.0,"y":0.0,"z":0.0},"mSD":{"x":0.0,"y":0.0},"vB":[],"vBD":[],"vBU":[],"vA":[]}
{"t":2.179838180541992,"gK":[],"gKD":[],"gKU":[],"mP":{"x":968.0,"y":104.0,"z":0.0},"mWP":{"x":0.0,"y":0.0,"z":0.0},"mSD":{"x":0.0,"y":0.0},"vB":[],"vBD":[],"vBU":[],"vA":[]}
{"t":2.196941375732422,"gK":[],"gKD":[],"gKU":[],"mP":{"x":968.0,"y":105.0,"z":0.0},"mWP":{"x":0.0,"y":0.0,"z":0.0},"mSD":{"x":0.0,"y":0.0},"vB":[],"vBD":[],"vBU":[],"vA":[]}
{"t":2.231203079223633,"gK":[],"gKD":[],"gKU":[],"mP":{"x":968.0,"y":106.0,"z":0.0},"mWP":{"x":0.0,"y":0.0,"z":0.0},"mSD":{"x":0.0,"y":0.0},"vB":[],"vBD":[],"vBU":[],"vA":[]}
{"t":2.2634449005126955,"gK":[],"gKD":[],"gKU":[],"mP":{"x":968.0,"y":107.0,"z":0.0},"mWP":{"x":0.0,"y":0.0,"z":0.0},"mSD":{"x":0.0,"y":0.0},"vB":[],"vBD":[],"vBU":[],"vA":[]}
{"t":2.2808570861816408,"gK":[],"gKD":[],"gKU":[],"mP":{"x":969.0,"y":109.0,"z":0.0},"mWP":{"x":0.0,"y":0.0,"z":0.0},"mSD":{"x":0.0,"y":0.0},"vB":[],"vBD":[],"vBU":[],"vA":[]}
{"t":2.313631057739258,"gK":[],"gKD":[],"gKU":[],"mP":{"x":969.0,"y":110.0,"z":0.0},"mWP":{"x":0.0,"y":0.0,"z":0.0},"mSD":{"x":0.0,"y":0.0},"vB":[],"vBD":[],"vBU":[],"vA":[]}
{"t":2.3298988342285158,"gK":[],"gKD":[],"gKU":[],"mP":{"x":970.0,"y":111.0,"z":0.0},"mWP":{"x":0.0,"y":0.0,"z":0.0},"mSD":{"x":0.0,"y":0.0},"vB":[],"vBD":[],"vBU":[],"vA":[]}
{"t":2.3636245727539064,"gK":[],"gKD":[],"gKU":[],"mP":{"x":970.0,"y":112.0,"z":0.0},"mWP":{"x":0.0,"y":0.0,"z":0.0},"mSD":{"x":0.0,"y":0.0},"vB":[],"vBD":[],"vBU":[],"vA":[]}
